CASS_FIELD1,CASS_FIELD2,CONVERT_FIELD1,CONVERT_FIELD2,CONVERT_FIELD3,PINNING_FIELD1,PINNING_FIELD2,STITCH_FIELD1,STITCH_FIELD2,STITCH_FIELD3,Data_Hash
f1,g1,1,c1,d1,i1,j1,l1,m1,n1,9db6e75cc70d8a8eebe1f8a6236920d6
f2,g2,2,c2,d2,i2,j2,l2,m2,n2,6222d76ff3f3cc88849fc64cb031026e
f3,g3,3,c3,d3,i3,j3,l3,m3,n3,90f9740694bdfe5d55ffcdc6c9f0653c
f4,g4,4,c4,d4,i4,j4,l4,m4,n4,4ca7aabccf342f106a751f26a96e6cb5
f5,g5,5,c5,d5,i5,j5,l5,m5,n5,2bbba2c34df67b9af03738e84b56a346
f6,g6,6,c6,d6,i6,j6,l6,m6,n6,c4876b2ff7a144519642fadb8680e0bb
f7,g7,7,c7,d7,i7,j7,l7,m7,n7,4842673832d960f7111eab108b90fc03
f8,g8,8,c8,d8,i8,j8,l8,m8,n8,a4ba1052c69a23a57d93fef5f254445d
f9,g9,9,c9,d9,i9,j9,l9,m9,n9,25dafc206ead68508d599b31e1962f44
f10,g10,10,c10,d10,i10,j10,l10,m10,n10,2e45ba21c20f390215d85b0d288cb892
